{
  "marketing_stripe": {
    "text": "TK ESSÊNCIAS ! Na compra de 2 unid. leve + 1 GRÁTIS !!!",
    "link": "https://helpperfumaria.com.br/tk-essencias"
  },
  "contacts_stripe": {
    "pages": [
      {
        "title": "Sobre nós",
        "link": "/pages/sobre-nos"
      },
      {
        "title": "Esta loja é um PWA",
        "link": "/posts/esta-loja-e-um-pwa"
      }
    ],
    "phone_wpp": true,
    "socials": true
  },
  "categories_list": {
    "featured": [
      "/paris-elysees?PARIS ELYSEES",
      "/tk-essencias?TK ESSÊNCIAS",
      "/hinode?HINODE",
      "/amei-cosmeticos?AMEI COSMÉTICOS",
      "/brand-collection?BRAND COLLECTION",
      "/perfumes-masculinos?PERFUMES MASCULINOS",
      "/perfumes-femininos?PERFUMES FEMININOS",
      "/avon?AVON",
      "/idem?IDEM",
      "/natura?NATURA"
    ],
    "random": 6,
    "full_width": true
  },
  "desktop_megamenu": false,
  "search_input": true,
  "alphabetical_order_submenu": true,
  "full_width_submenu": true
}