{
  "meta_title": "importados",
  "meta_description": "Paris Elysees ",
  "sections": [
    {
      "type": "banner-slider",
      "autoplay": 9000,
      "full_width": true,
      "slides": [
        {
          "start": "",
          "end": "",
          "img": "/img/uploads/frete-gratis-para-compras-acima-de-r-150-00.gif",
          "alt": "Banner sample two",
          "mobile_img": "/img/uploads/frete-gratis-para-compras-acima-de-r-150-00-480-300-px-2.gif"
        },
        {
          "start": "2025-05-25T02:53:39.620Z",
          "end": "2025-08-31T02:53:41.110Z",
          "img": "/img/uploads/banner-site-paris-elysees.png",
          "mobile_img": "/img/uploads/banner-site-paris-elysees.png",
          "link": "/paris-elysees"
        },
        {
          "start": "2025-05-25T02:58:17.176Z",
          "end": "2025-05-25T02:58:18.568Z",
          "img": "/img/uploads/banner-una-infinito.png",
          "link": "https://www.natura.com.br/p/desodorante-perfume-una-infinito-75-ml/NATBRA-43135?position=3&listTitle=einstein+recommender+-+confira+tamb%C3%A9m&consultoria=socorrochaves",
          "mobile_img": "/img/uploads/banner-una-infinito.jpg"
        },
        {
          "img": "/img/uploads/banner-site-2-tiny-webp.webp",
          "link": "https://helpperfumaria.com.br/search?term=VIVINEVO",
          "alt": "FRETE GRÁTIS",
          "start": "",
          "end": "",
          "mobile_img": "/img/uploads/banner-site-2-mobile-tiny-webp.webp"
        },
        {
          "start": "",
          "end": "",
          "img": "/img/uploads/loonkon-1200x300px-webp.webp",
          "mobile_img": "/img/uploads/loonkon-480x300px-mobile-webp.webp",
          "link": "https://helpperfumaria.com.br/loonkom-parfum"
        }
      ]
    },
    {
      "type": "info-bar",
      "enabled": true
    },
    {
      "type": "offers-timer",
      "max_hours": 1,
      "start": "2025-05-25T03:03:12.110Z",
      "end": "2025-08-30T03:00:31.514Z",
      "offers": [
        "682fba10578b5f7954228c8e",
        "62ccb9aaeb8591121682c6f8",
        "63212d0873321213f8751d47"
      ],
      "notes": "OFERTA POR TEMPO LIMITADO "
    },
    {
      "type": "banners-grid",
      "banners": [
        {
          "img": "/img/uploads/38373-banner-grid-linha-capilar-3.png",
          "mobile_img": "/img/uploads/38373-banner-grid-linha-capilar-3.png",
          "link": "https://helpperfumaria.com.br/tratamento_capilar"
        },
        {
          "img": "/img/uploads/38373-banner-grid-infantil-2.png",
          "mobile_img": "/img/uploads/38373-banner-grid-infantil-2.png",
          "link": "https://helpperfumaria.com.br/kids_zone"
        },
        {
          "img": "/img/uploads/38373-banner-grid-perfumaria-2.png",
          "mobile_img": "/img/uploads/38373-banner-grid-perfumaria-2.png",
          "link": "https://helpperfumaria.com.br/perfumes-masculinos"
        }
      ]
    },
    {
      "type": "collection-shelf",
      "shuffle": false,
      "collection_id": null,
      "sort": "lowest_price",
      "title": "OFERTAS ESPECIAIS ",
      "headless": false,
      "limit": 15,
      "page": 4
    },
    {
      "type": "banners-grid",
      "banners": [
        {
          "img": "/img/uploads/38373-banner-grid-contratipos-2.png",
          "mobile_img": "/img/uploads/38373-banner-grid-contratipos-2.png",
          "link": "https://helpperfumaria.com.br/paris-elysees"
        },
        {
          "img": "/img/uploads/38373-banner-grid-gel-massageador-2.png",
          "mobile_img": "/img/uploads/38373-banner-grid-gel-massageador-2.png"
        },
        {
          "img": "/img/uploads/38373-banner-grid-hidratantes-2.png",
          "mobile_img": "/img/uploads/38373-banner-grid-hidratantes-2.png",
          "link": "https://helpperfumaria.com.br/o_boticario"
        }
      ]
    },
    {
      "type": "dynamic-showcase",
      "load_more": true,
      "sort": null
    },
    {
      "type": "page-title",
      "title": "Help Perfumaria & Cosméticos ",
      "description": "Sempre Com Produtos de Qualidade e Preços Especiais Que Cabem no Seu Bolso, LIBERTE O SEU PODER com a Help Perfumaria, Fique Com Cheiro de Rica Pagando Pouco. "
    }
  ]
}